#,feature1,feature2,feature3,feature4,feature5,feature6,feature7,feature8,feature9,feature10,feature11,feature12,feature13,feature14,feature15,feature16,feature17,feature18,feature19,feature20,labels
0,0.32143910867444614,0.582124983098637,0.09326683183545503,0.7519858271949987,0.7306746119391953,0.7053280988812234,0.12357790310635208,0.09228572850596473,0.2239596980580596,0.3503532900983859,0.018460525429968788,0.6675743460287896,0.06952927214435056,0.23764284761142085,0.24145391555683826,0.22458641533855261,0.7510467343032831,0.9778531733746638,0.24004339748289927,0.7028041501155297,"[0,1,0,1,1,1,1,0,1,1,1,1,0,0,1,1,0,1,0,0,0,0,1,1,0,1,0,1,0,1]"
1,0.2408753657831333,0.11186149648306087,0.08787084191109362,0.7527311408121322,0.17251186541724584,0.6607843419671743,0.660355315277838,0.9646268767580144,0.12319368111792517,0.7185455348443998,0.08156757069389975,0.6380550932911806,0.39987020415992014,0.835744518102715,0.7943221305425907,0.2486054356785068,0.3054910023913533,0.2229184422989351,0.7325090754558875,0.07495074974100813,"[1,0,0,0,1,1,1,0,0,1,1,1,1,0,0,0,1,0,0,1,1,0,1,1,1,1,1,0,1,1]"
2,0.659020308963414,0.10215541109010062,0.23944313223160463,0.5783970971688858,0.8908717576161864,0.7214330979117408,0.27471247662270615,0.20503487167149093,0.19404938374497693,0.9019278772412375,0.04571065391629381,0.8761256285284422,0.504172923787189,0.4722880844373708,0.5893512788812574,0.19844036991294012,0.728037561635711,0.04129927608688255,0.36568826181287073,0.07080336329459602,"[1,0,0,1,1,0,0,0,1,1,0,0,1,1,0,0,0,1,0,0,0,1,0,1,1,0,1,0,1,1]"
3,0.7528905181930398,0.4803376384291852,0.3213762206337172,0.19454189356820506,0.2711493359406464,0.07306243254763467,0.47825165411996007,0.709476718460592,0.11471395953501973,0.758275018643865,0.28495578195177484,0.5319639766940844,0.7571645725997413,0.17461157519044657,0.42735991452446054,0.83398573603183,0.6276968466141221,0.7009193937984803,0.38969764959085307,0.664603339438032,"[0,0,1,0,0,0,0,1,1,1,1,1,0,1,1,1,1,0,0,1,0,0,0,1,0,1,1,0,1,0]"
4,0.37501238681118876,0.12980415821015545,0.8937734649922934,0.9068434343267445,0.6633406527764503,0.6702675320893708,0.9179723860751204,0.896332833222615,0.3558208551619786,0.7159552620216275,0.8922108471719061,0.6602078700481557,0.05342187614325766,0.9519682347639283,0.6027165729303418,0.7984980928068454,0.0007584208138219362,0.7230042834343571,0.5406139331865504,0.4166346657773412,"[0,1,1,1,0,0,0,0,0,0,1,0,1,1,1,0,0,1,1,1,0,0,0,1,1,1,0,1,1,1]"
5,0.8986481330810914,0.04755161718598655,0.031071593584628188,0.8251311588302747,0.1835468441912036,0.2691405473107973,0.621696311729895,0.7468752227614914,0.6695370691973972,0.6133988791572278,0.3609687810195349,0.5686838816423515,0.3253152171390792,0.6041752896937712,0.9900871959858495,0.1909788883851049,0.44731270319566396,0.32845921174315473,0.8743227047316348,0.12991488613631508,"[0,1,1,0,1,1,1,0,1,1,0,1,0,0,0,0,1,0,1,1,0,1,0,0,0,0,1,0,1,0]"
6,0.9860139466475956,0.7840063950446499,0.3476355720063654,0.5088858530965306,0.7725597813000785,0.1538122206877237,0.4304416950757307,0.10153699270442273,0.6155497658404042,0.8941743265767695,0.38973326887793247,0.1885031832929519,0.11682862628952628,0.3884735726694559,0.04761301020366426,0.488696583852014,0.01627418217350085,0.35343870914926,0.5482181159590592,0.32462528506436716,"[1,0,1,0,1,0,0,1,0,0,1,1,0,0,0,1,1,0,0,1,1,1,1,1,0,1,1,1,0,0]"
7,0.6747096067409638,0.2184981218457328,0.21366937929306595,0.16876066694028757,0.3880579872442943,0.30129664096920117,0.8549266187415193,0.8870440121660892,0.718005553315444,0.8728976454674854,0.7332047105589141,0.3195563508410265,0.4491466890493393,0.43678301576208023,0.6677237131254283,0.9264583394318218,0.1808945328323447,0.14281832859911858,0.5411280220293133,0.037705202553474204,"[0,1,1,0,0,1,1,1,0,1,0,1,1,1,1,0,0,1,1,1,0,1,0,0,0,0,0,0,1,1]"
8,0.9059699036607174,0.15397493608981783,0.42890705709902943,0.5283908813388978,0.5340476354575112,0.6320200406379878,0.5482611522563039,0.5971585320793575,0.3319250469195153,0.4036171130513073,0.1950599976043187,0.04496528641818309,0.8455478834432189,0.3535870459226682,0.40990752652593776,0.8458297866628761,0.8063473489966189,0.7219306562284731,0.8789717096403371,0.5712232168567303,"[0,0,0,1,0,0,0,0,0,0,0,0,0,0,1,0,0,1,0,1,0,0,1,1,1,1,0,1,0,1]"
9,0.6060638025006746,0.056547218216146944,0.43373292564949384,0.4761163464121334,0.04878652518500437,0.0030621995141171254,0.2366908489284404,0.05520340780479638,0.06373927023390435,0.8697747452205163,0.4075686398448962,0.33888595987086456,0.10713411725019861,0.8923131443411604,0.19799615947003169,0.4739305347945626,0.34687447019552464,0.5736056856115519,0.1827095519476759,0.05034908834477536,"[1,0,1,0,0,0,0,1,1,1,0,0,0,0,1,0,0,1,1,0,0,0,0,1,0,0,1,0,0,0]"
10,0.753928176371008,0.4852319140453041,0.21644874084571664,0.6200280682886765,0.4468558262358807,0.3062622619908909,0.474815651682567,0.35253727291195025,0.4285561266191501,0.6923428273973578,0.4140022556159645,0.3025058015308105,0.6172005448848212,0.9227219418401524,0.8377581749826282,0.5766923581352807,0.18193747643324953,0.2402254456815225,0.7594759725523167,0.45128543926517384,"[1,1,1,1,0,1,1,1,1,0,0,1,0,1,1,0,0,0,1,1,0,0,0,1,1,0,1,1,1,1]"
11,0.14637287788354025,0.4671605625063252,0.5242467872995151,0.2868477926971822,0.2770780088986853,0.24806939357761426,0.1181776534703326,0.19833338030592063,0.8010652497002927,0.018219331349799694,0.19524814423079373,0.2527418196749901,0.5028392189228919,0.05803633213953907,0.5673285987825889,0.9371201781718708,0.03924133908463223,0.7394783641267872,0.5899032931033014,0.6134393334073103,"[1,1,0,0,1,0,0,1,0,1,1,0,1,0,1,0,0,1,0,0,1,1,1,1,1,0,1,1,0,1]"
12,0.3277508612847785,0.39421708966978497,0.8395503836785736,0.1503392310245384,0.46802593465988773,0.01611263929785456,0.20738986027828776,0.06813717704282785,0.2532525881059011,0.10586289398057047,0.829666335036953,0.77664608911694,0.9303682703823202,0.057444520023792744,0.6521387597069319,0.8119204013648741,0.6760899546266642,0.406333159843002,0.5831612473632263,0.9610735542086876,"[1,0,0,0,1,1,1,1,0,0,1,1,0,1,1,1,1,1,0,0,1,1,0,0,0,0,1,0,1,0]"
13,0.9742409800075521,0.2420380579595801,0.44062767036058414,0.03016792561464221,0.4143628164705947,0.31423308649012205,0.6368850017170221,0.02157969620478628,0.09012574719131938,0.5998180548787337,0.034859638218161626,0.9411877192509963,0.7353372234090414,0.43478189222288965,0.6164051904171003,0.5011014682969144,0.7303721737360821,0.49805932167192013,0.8441412586978662,0.9289556409785602,"[1,0,0,0,1,0,1,1,1,1,1,1,0,0,1,0,0,1,1,0,0,0,0,0,0,0,1,1,0,0]"
14,0.39403337674860317,0.40667767807976574,0.6091049554572858,0.8621151137390567,0.5218982219871364,0.5768765316359502,0.384907191444124,0.7584845082518703,0.794100547554609,0.5917883110018511,0.923431250111148,0.8080827186133845,0.07887602168839736,0.575419483253882,0.6160788031011031,0.28263103331741113,0.7963932705209458,0.3432944317266551,0.011478402193094372,0.3729571449936666,"[1,0,0,0,0,0,1,0,0,1,1,1,0,1,0,1,0,1,0,0,0,0,0,0,1,1,0,1,1,0]"
15,0.09348930040661851,0.4025151549296384,0.7731133214989939,0.7166814350136149,0.1897590795734364,0.44933733197025905,0.1494647840672566,0.9140213523607366,0.22816453370271872,0.820467069481037,0.6414883260063651,0.09359063577443838,0.13677162677857302,0.03395899168373595,0.8004095354073321,0.32985253904767553,0.17778052051485227,0.22935702491550758,0.9944964719223699,0.20147090864074435,"[0,1,0,0,1,1,0,0,1,0,1,0,0,0,0,1,0,1,1,1,0,0,0,0,1,1,1,1,1,0]"
16,0.06167828637973505,0.32575228326691885,0.004796976180877377,0.5847053320853663,0.9834604504004342,0.838306534338181,0.8556375043389592,0.3105250970245811,0.6145873136158557,0.3568071047420547,0.858125501502577,0.3932371507810858,0.5882897113594547,0.7709362656336811,0.2393363983735206,0.32804973315505515,0.8042691752732539,0.8018134732266726,0.29574835438635083,0.23654370158184002,"[1,1,0,0,0,1,0,0,1,1,0,0,0,0,1,0,1,1,0,0,0,1,0,1,1,1,0,0,0,1]"
17,0.22467830608438466,0.13146312959530837,0.48128397086961827,0.09554286964502412,0.48301503600890794,0.8209211149635202,0.6376783086816548,0.6861477635274741,0.1140760729540845,0.4869848876029049,0.1908481654672315,0.9245838004423061,0.287514865189487,0.24941391231649646,0.2761214025692237,0.7076330744110008,0.6893713047941809,0.7507093857959818,0.8858263635840075,0.6623323268735108,"[1,1,1,1,1,0,1,1,0,0,0,0,1,1,1,0,0,0,0,0,0,0,0,1,0,0,0,1,0,0]"
18,0.32888146932900875,0.5192513456026379,0.24489828188678142,0.7214710951780423,0.9491158340607346,0.650714169944586,0.0648741449040191,0.16026500111542774,0.331881282668372,0.6023455746774805,0.3407858803223214,0.7691717912598918,0.6048726205065563,0.8345871239162239,0.990265544884755,0.028872111363247965,0.2563866165105325,0.461848282769068,0.9334312956893887,0.6229007499404978,"[0,0,0,0,1,0,0,1,0,1,0,0,0,0,1,1,0,1,1,1,1,0,0,0,0,0,1,1,1,1]"
19,0.36399348021288336,0.24862560548264412,0.5826884979424897,0.61782903753281,0.609227431406871,0.5139301057699277,0.7537116763526633,0.40732512421728984,0.9084352849912971,0.712055261996908,0.8744592269245915,0.8757615199000683,0.9162356729866264,0.5044503625733742,0.3214601517083401,0.039885690215246905,0.4019775890232884,0.8852600899110287,0.6820652158486226,0.06700905408463709,"[0,1,1,1,1,1,0,0,0,0,0,0,1,1,0,1,1,0,1,0,0,0,0,0,0,0,0,0,0,0]"
20,0.5757586353797768,0.8093604808256752,0.17024329207083222,0.006504647030271538,0.7902282455500742,0.0601856924779558,0.18825054718799328,0.053814214895791745,0.42101735916829375,0.6116870633616542,0.4952204882220288,0.14667064772949678,0.923675161446691,0.41497451216202386,0.7238488348370218,0.40358845371085195,0.5295505382680773,0.9268859474946906,0.04529830037972049,0.7399374553636935,"[0,1,1,0,0,1,0,0,1,1,0,1,0,0,0,0,0,1,0,0,0,0,1,0,0,0,0,1,1,0]"
21,0.2893653019453588,0.6675936159247133,0.6391894353392459,0.7110372455840872,0.8108717882379943,0.41793032236715,0.7329925176574417,0.30574384992344694,0.3836657172367872,0.3666858131707307,0.6227137635374623,0.0959174354722303,0.7315239384560165,0.21744208508059848,0.5826085026211565,0.169188335472653,0.8322912046725957,0.09893245098427494,0.3205028691777062,0.12889112787426116,"[0,0,0,0,0,0,1,1,1,1,1,1,0,1,0,1,0,1,0,1,1,1,1,1,1,1,1,0,1,1]"
22,0.6467256993519294,0.5449362471965746,0.40981406390011266,0.05601264281902174,0.9927201904048291,0.9672195324800307,0.563950755824645,0.8542236031475279,0.7484298491878993,0.5603022689158181,0.9381711734432924,0.40340452837509966,0.9696395253010792,0.9782553261019232,0.9994207587281496,0.003584029156805335,0.5520163913881647,0.29504872047495256,0.26703033786607955,0.5378429991030901,"[0,1,1,0,1,0,0,1,0,0,1,0,0,0,0,1,1,0,0,0,1,0,0,0,1,0,0,0,1,0]"
23,0.45447046951423953,0.6092843672520261,0.732366131034303,0.5525746699590003,0.14195973301663123,0.28809223391311745,0.6853155918271815,0.9675547714682688,0.15732789069936537,0.9620794371437184,0.013805003841635632,0.7522295925473337,0.6580892620186936,0.02863363554145837,0.9594551295788217,0.8866517527720796,0.5115229184578183,0.8286554337417869,0.9699741481696494,0.8821143865249531,"[1,0,0,0,1,0,1,1,1,1,1,1,1,1,0,1,1,1,1,1,1,0,1,1,1,0,0,1,0,1]"
24,0.010925902086188488,0.3096047863720206,0.39129068974547476,0.1255864139135211,0.1361312228532532,0.867118099080435,0.5520952885236672,0.07395470936414583,0.26164892174690957,0.9946874164741424,0.5727799253712516,0.5836068372703622,0.524927549294741,0.379305477869434,0.26332410181309496,0.31963227089931834,0.9162510141072897,0.9614079713672371,0.5977471952212446,0.8704529358336593,"[1,1,0,1,1,1,0,0,1,0,1,0,1,0,0,0,0,1,0,1,1,0,1,0,1,0,1,0,1,0]"
25,0.5205750234055069,0.38948735184797945,0.31449889999583214,0.24016372364917726,0.9898980620022316,0.46438555261060477,0.6084455435713286,0.48345163296983573,0.2312734989861973,0.07777783168716679,0.19891439252720078,0.9561096808451748,0.36026811348268095,0.650776449812994,0.13363628226141877,0.07874598323215631,0.2581169284211894,0.9672370652937509,0.049455458954399845,0.8893946999145004,"[0,0,0,0,1,0,0,1,0,0,0,0,0,0,0,0,0,0,0,0,0,0,0,1,0,1,0,1,1,1]"
26,0.5302862538400279,0.7749282294724169,0.42957849875459597,0.8952861482511077,0.7590784007958029,0.16986018032238026,0.27413883623639546,0.7474690400601754,0.6119035344719048,0.11839312975213556,0.29032795122983857,0.8391986002834633,0.6955909533574653,0.17895528655500237,0.28839775050138017,0.41460793711016053,0.4693620424898408,0.21421512021200662,0.9455914175541931,0.03397429790465667,"[0,0,0,0,1,0,0,1,1,0,1,0,1,0,0,1,0,0,0,1,1,0,0,1,1,1,1,1,0,0]"
27,0.2699747374417598,0.2852037118975902,0.5354573704370278,0.3725911161080907,0.040683995155845865,0.6426258691719642,0.7191284752859579,0.9678203349610608,0.45753536274999596,0.6471560796609017,0.24989805840195733,0.9287949275796892,0.2812936776694669,0.3934782106364295,0.7229982406518536,0.4360256975433776,0.7699110159484508,0.098965075043833,0.5920652634853325,0.020366491748067816,"[1,1,0,0,0,0,1,0,1,1,0,1,0,1,0,1,1,0,0,0,0,0,1,1,1,1,0,1,0,0]"
28,0.8533504868486838,0.42901512046867796,0.22556628434253945,0.3376891328578545,0.6670375635011412,0.9416474914523565,0.920178357383988,0.2729799736065246,0.21382502314771168,0.48774020029489895,0.921261366434295,0.5185437952176949,0.7475811931846493,0.4139527495132107,0.41716281420319046,0.08078752938972789,0.5635120047215193,0.2352621806236911,0.9088309589228311,0.781916848569242,"[1,1,0,0,1,0,0,1,0,0,1,1,1,1,1,0,1,0,0,0,1,0,1,1,0,1,1,1,0,0]"
29,0.5688690828188923,0.1244874853279333,0.7078291338524744,0.5920932079194223,0.3952852042151568,0.7613574919886571,0.3200911923941129,0.12649675903485236,0.6128996336144952,0.7599008609563774,0.24124369780079502,0.14015345622333097,0.01209052068661809,0.46492410228669756,0.01951111582351861,0.883171389999468,0.14244437751159456,0.2694481198486386,0.23337742076903578,0.85861522838436,"[1,1,1,0,0,0,0,1,0,1,1,0,0,0,0,0,1,0,0,1,0,1,1,1,0,1,1,0,1,1]"
30,0.3959747788817879,0.7368315525688457,0.5436455791379805,0.5288839510519134,0.6491215158162057,0.16742187833515632,0.11112695066251155,0.3123494200847766,0.9803922772687252,0.1253295533960861,0.4453481499994605,0.742252944813028,0.32496913209177125,0.32292916532835547,0.5468486910294473,0.5238170432145053,0.5739074003563719,0.7024936360423975,0.6634079195272317,0.03284683211213246,"[0,1,0,1,0,1,0,0,1,1,1,0,1,1,1,0,1,0,0,0,1,1,0,0,1,0,0,1,1,0]"
31,0.961318501479033,0.7486167980553893,0.9808574504300706,0.5359857680676638,0.6053983094225003,0.21108214364555156,0.35089250921610327,0.5720964213582181,0.985502266289713,0.8529445629022986,0.5417807542467111,0.6693419734100307,0.6787583917833885,0.47174455137423343,0.8681097818849937,0.13075249569273018,0.5382395264133425,0.5895625139713584,0.447096968331396,0.5414256471158733,"[1,1,0,0,0,1,1,1,1,0,1,0,1,0,1,0,1,1,0,1,1,1,0,1,1,1,1,1,1,0]"
32,0.39446842240484226,0.5458973944882173,0.8813674419630897,0.28364845562690333,0.9936831292843865,0.7182769451815225,0.6535949235796844,0.40967414468356544,0.8660500797011861,0.45787571772370983,0.09068778820578516,0.48923897309339504,0.9685133508630992,0.7077874365556027,0.20579595774130144,0.7085934303306315,0.3617978697959897,0.9022950006347871,0.873884098734092,0.18989792641211223,"[0,1,1,0,1,0,0,1,0,1,1,0,0,0,1,1,0,1,0,0,0,0,1,0,0,1,1,0,0,1]"
33,0.65697346238312,0.47656366778764414,0.7438690885469054,0.6096258185481289,0.8276962509155008,0.8112082868249915,0.300505325977968,0.5474254276499163,0.9655053994689301,0.5936247126734349,0.6536130801932395,0.7598602700276844,0.28257616450269885,0.24632037856540823,0.5316597847924954,0.36564152285385243,0.8427893626874443,0.2516307928607687,0.846260156911001,0.452553406387437,"[1,0,0,0,0,0,1,1,1,1,1,0,0,0,1,1,1,0,1,0,1,1,1,1,0,1,1,1,0,1]"
34,0.5175022462253568,0.6953911921361533,0.7406047420710955,0.265252047263581,0.7617368437873691,0.3560811000071461,0.2813260348718615,0.8347474686026038,0.7323993415745872,0.3720989127640917,0.39596863078492683,0.999713636906073,0.5547311576127273,0.8800527982042943,0.4667494404332887,0.8057619376815806,0.8940282160428725,0.6537059370861688,0.39924917514769376,0.6453357915163411,"[1,1,0,1,0,0,1,0,0,1,0,0,1,0,1,1,0,1,0,1,0,0,1,0,1,0,1,1,1,0]"
35,0.31744049211865477,0.12108206948419542,0.6552936351195274,0.30447220286074816,0.791033290316459,0.7029683882575217,0.9344417667352374,0.9632464594485466,0.8966808253828733,0.36287510437091897,0.11835385241341356,0.33135172510763344,0.4336502667950852,0.7757329765565844,0.09588065852101324,0.6307153217869701,0.18504647576472588,0.39798275899777624,0.321025051757168,0.703634185130179,"[0,0,1,0,0,1,1,1,0,0,0,1,0,0,0,1,0,1,1,1,0,1,1,1,1,1,1,0,1,0]"
36,0.21845348303691592,0.2652833158146479,0.4779053717657804,0.1348491260210467,0.13897895937724214,0.9622610069725521,0.8423607209225509,0.45001536589721425,0.4592437508696382,0.23415676008828312,0.26603879244663975,0.2259932511547208,0.49930633060184415,0.48253066691873514,0.41217237665603335,0.6499316069378063,0.47649349301772115,0.6443976682242814,0.16522246461447643,0.995847740887252,"[0,1,1,1,1,0,1,0,0,1,0,1,0,1,1,1,0,1,1,0,0,0,0,0,0,1,1,0,0,0]"
37,0.3686731431026229,0.8293989222542992,0.306669998097143,0.9673161154705894,0.3285233287126108,0.8683056978774574,0.2516196026818126,0.6034447197503248,0.6745477944977805,0.3841563115064879,0.5253750670550633,0.5087399112586,0.5484805133469477,0.5587331548570834,0.008588813348195501,0.9869230567977572,0.4311378051296426,0.8474742873938936,0.23336144828985161,0.36349407350569973,"[0,0,1,0,1,0,1,0,1,1,1,1,0,1,1,1,0,0,0,1,0,0,0,1,1,0,1,0,0,1]"
38,0.4444496786906943,0.5881045684466575,0.28816996663132954,0.9081359135696202,0.36909923109310205,0.3718853977424609,0.9031032023683303,0.9020241266886014,0.2161171799618543,0.9935719481094107,0.4833220962429794,0.3441429845060796,0.9974628494538341,0.7897584924748517,0.7647785331126277,0.9402915042318679,0.5376975148908574,0.7743691841366817,0.5220955321927565,0.7298454063323255,"[0,1,1,1,0,0,1,1,0,1,0,0,1,1,1,1,0,0,1,0,0,0,0,0,1,0,0,0,1,1]"
39,0.4826867404756132,0.8936833564765287,0.7746105115335223,0.9974825463789597,0.34623610025382623,0.8340218199453265,0.015594808567208185,0.5294646287158346,0.3132465563232073,0.6984350793819001,0.5542622832860392,0.4451871113753416,0.4548855899665557,0.40460456036427295,0.3283676781518362,0.06567394428409334,0.3650890977003225,0.9101940898981669,0.5720493261405272,0.05725849988238141,"[1,1,0,0,1,1,1,1,1,1,1,0,0,1,1,0,1,0,0,0,1,0,1,0,1,0,0,0,0,1]"
40,0.8333887778801454,0.701662044660503,0.12442822162446088,0.27058978277178236,0.43004647482343783,0.846998607660319,0.4682875817487758,0.9655147187808288,0.991698171944544,0.2759371602022921,0.5322956275815356,0.9471665863080551,0.02267537283599863,0.3185865554048678,0.4902088177673457,0.7443693130300368,0.8225501712408466,0.11317896888268242,0.5825161474267805,0.02185681617757529,"[0,1,1,1,1,1,1,0,1,0,0,0,1,1,1,0,0,1,1,1,1,0,1,0,0,1,1,1,1,0]"
41,0.9192664598174851,0.038068791477753106,0.4801257869786256,0.5468802531348544,0.6305180270258987,0.2814120886375,0.1449450986453461,0.5655624170269485,0.1439342135542776,0.09791187634867593,0.4467880598645645,0.13910316099646958,0.6709640269927097,0.20058926583282677,0.30156959160071295,0.7780685780159585,0.7154087873065523,0.429013314856845,0.23926791881166765,0.32143711668982056,"[1,0,1,1,0,1,1,0,1,0,0,1,0,0,1,0,0,0,1,1,0,1,0,1,0,0,1,1,0,1]"
42,0.09592009698537407,0.516752130186393,0.5544748545750283,0.8535182418075068,0.17849445724134705,0.5792208440951517,0.8408007736501105,0.29462380799852494,0.8592001489463018,0.09756429602113692,0.34525387845684397,0.23913458796689624,0.43761669005338133,0.24916075854558073,0.869717076915163,0.5396300229652025,0.3562038344884336,0.08695760979775691,0.34127608943966803,0.0715641222726151,"[0,0,1,1,1,1,0,0,0,1,1,1,1,1,1,0,1,0,1,0,1,0,1,0,1,0,1,0,1,0]"
43,0.18541730173325854,0.3951603248435168,0.17306465657211445,0.1419774398955922,0.34171658702633245,0.05437118924140549,0.34440007284541096,0.31037994518606493,0.2764733188496552,0.2917405556072076,0.7593432657690216,0.2704009541959502,0.23957806924639136,0.49234563758737504,0.29319302747987264,0.22970186432739792,0.024397649439711122,0.7569666323229706,0.9216636383189395,0.5020738797872786,"[1,0,1,1,0,0,0,1,1,0,0,1,1,1,1,1,1,0,1,0,1,1,1,0,0,1,0,0,1,0]"
44,0.24991175352930195,0.6756665852685074,0.7011048675502789,0.41421871454505355,0.9448672126494961,0.037191341897917174,0.4694098381464067,0.5536054379277491,0.06323869183512609,0.25406930644071146,0.9124141940958836,0.7411175892024443,0.5287588355788462,0.3576254572565325,0.024514456876989832,0.8677067285398691,0.6929994680555843,0.1730606437712332,0.2836284135408905,0.7261156055646254,"[1,1,0,1,1,0,1,1,1,0,1,0,0,1,0,0,1,1,0,1,0,1,1,0,1,1,1,1,0,1]"
45,0.061430596081597066,0.8002542484158538,0.7777334660831815,0.9332710119138664,0.17292763965397273,0.6226277522771934,0.3879645118375237,0.718559548248913,0.0796636516108381,0.6784414857073254,0.6325405543783251,0.3107928900626551,0.5759402315610183,0.6121850291062505,0.7956045976562603,0.7003979135302085,0.5090531540511123,0.06220216012111779,0.9422655304942761,0.8047265353698869,"[0,0,0,1,1,1,0,1,0,0,1,1,1,1,1,1,0,0,1,0,1,1,0,0,1,0,1,1,1,1]"
46,0.6378541158378673,0.11442432931482227,0.0091935113367837,0.8309081446171024,0.4798834092226796,0.4797102045113054,0.5443682722156482,0.36820639339013417,0.3196157910853099,0.336257486925699,0.9200136553832872,0.9091547228543808,0.7451320573777522,0.9766605611420139,0.49281736103517615,0.5597428616148464,0.5386380204171732,0.6603351682515601,0.5808616637624912,0.3749911880748028,"[1,0,1,0,1,1,0,1,0,0,1,0,0,0,1,0,0,0,1,0,0,0,1,0,0,1,0,1,0,0]"
47,0.21401739620187643,0.66103491481872,0.9419467117278565,0.2923494563825054,0.8916270817116599,0.2992613312422475,0.4684904644652371,0.5097155682639595,0.7331952588698963,0.0594880609872529,0.8809721954781917,0.7949366484794466,0.19371339720936254,0.5679732022158475,0.6535001731194805,0.49172844114020064,0.8316360643203001,0.6581096992848476,0.33169155824789165,0.5476511972871372,"[1,0,1,0,0,1,0,0,0,1,0,0,1,1,0,0,0,0,0,1,0,0,1,0,0,1,1,0,1,1]"
48,0.5126408280076371,0.39446154287562785,0.2453046862476168,0.2862549745793118,0.2599786154436763,0.6668301720875511,0.7645790415519979,0.680569048098014,0.7063641938904075,0.046817877530414886,0.7708741831216387,0.15627445938186146,0.32198668802581343,0.5047012761833645,0.8362867895982022,0.7941363269438965,0.9345405644796241,0.8083123192079441,0.6998307874919122,0.8085834788996134,"[1,1,1,1,0,0,0,0,1,1,0,1,0,1,1,1,0,0,1,1,1,1,0,1,0,0,0,0,0,0]"
49,0.8997488100307317,0.6304579340998524,0.2474805843132749,0.7178740129089985,0.39022493952974224,0.47806031448124,0.4989195937763028,0.44125342667532674,0.31333074836801367,0.5925761763439681,0.6943098435582356,0.2765288038717443,0.9411240688614644,0.77908615875824,0.5589412944443972,0.3707331995430426,0.5231722470585448,0.449011111701232,0.414349611368261,0.3012107655953423,"[1,0,1,1,0,1,1,0,0,0,0,1,0,0,1,1,0,1,0,0,1,0,0,0,0,0,1,1,0,1]"
50,0.401863743592797,0.256175093041901,0.22815503651249391,0.6926444380762808,0.6195744413196066,0.3509853198832237,0.5466603024707528,0.8069143628584438,0.5432604379705339,0.04085512610413433,0.6827777090461763,0.147036068919007,0.6482034763536741,0.9617357144754586,0.44609643928371323,0.8291752932171003,0.5604292398933135,0.759043639701781,0.6085717451319491,0.14329061753235217,"[1,1,0,0,0,0,0,1,0,0,0,0,0,1,0,1,1,0,1,1,0,0,0,1,1,1,1,1,0,1]"
51,0.8533597809378379,0.33385096974776296,0.04407030923343891,0.2690857209521875,0.7635306064583915,0.7255712207908238,0.7737507039344046,0.9997506594608842,0.26709261263965944,0.8072801895299376,0.7884117810105762,0.9933945170782695,0.4390105572148423,0.6981655744349419,0.45545592430668513,0.9351967053348378,0.784813910102419,0.9543082879969432,0.49801007687385923,0.7190819379033893,"[1,1,0,1,0,0,0,0,1,0,1,1,1,1,0,0,0,1,0,1,0,1,0,0,0,1,1,0,0,1]"
52,0.3309931892309962,0.2520931948971007,0.31616093465630224,0.5033959914724037,0.8659588780655558,0.5026426656182587,0.08410683472389702,0.8454602730588539,0.0803334970489128,0.683055203598566,0.639408127892489,0.6701373526987363,0.8740452431646101,0.7787384773527456,0.9778734480448082,0.8679958756865493,0.8196812784956672,0.1447043302231763,0.8258597620548579,0.7208155579854474,"[0,1,1,0,1,0,1,1,1,0,1,1,0,0,0,1,1,1,0,0,1,1,0,0,0,1,0,0,1,0]"
53,0.37673397466826797,0.4522043906901535,0.6903818199269057,0.40370271477722963,0.0339995691043945,0.502085342606667,0.3234843485196348,0.00546683415666227,0.08920830924823087,0.8588420024222387,0.6622028936522701,0.8884463560057098,0.3429769904285065,0.007475914508176085,0.47937181388218186,0.8929566580024868,0.47962251534523526,0.8671605514775566,0.1682284976367483,0.4906927608324714,"[1,0,0,1,0,0,1,1,0,0,1,0,1,0,0,1,1,0,1,0,0,0,0,0,1,0,1,1,0,0]"
54,0.8354042204749045,0.5378084523862956,0.506323413407599,0.3416474918351208,0.9644957280949478,0.03206028694535301,0.08679906537647308,0.9462111571764078,0.5488057643209219,0.132951557603194,0.17514919063795076,0.267593939242725,0.2740192782786042,0.4457236583629606,0.96490851587151,0.1941313739168684,0.9963317614257399,0.20406047611019718,0.8465919000782567,0.19353729234877437,"[0,0,1,0,0,0,0,1,1,1,1,0,0,1,0,1,0,1,1,1,0,1,0,0,0,0,0,0,0,1]"
55,0.24957133693162536,0.8901839299678371,0.9841883138485532,0.46424019407968575,0.013400463172967947,0.46283233135472557,0.6592442069135537,0.29791915363162713,0.5507301757340131,0.8378799628287773,0.5426011897511576,0.049114200292077026,0.5709282536426551,0.8638372692472319,0.076757860701968,0.15619382007910354,0.59885170824982,0.07591249593073257,0.5797001575395561,0.4596111948697327,"[0,0,0,0,1,0,1,0,0,0,0,0,0,1,0,0,1,0,1,0,1,0,1,1,1,1,0,0,0,0]"
56,0.7770122577161364,0.032073665408424934,0.1391208447256066,0.9386244967698334,0.49650047016142307,0.0074527456192323704,0.9992826088565266,0.23410573572111204,0.9287776668399975,0.5696651811962928,0.12481182515193967,0.8263111661419312,0.7300274520468969,0.8872545259662373,0.6290130398328931,0.008822937571440481,0.021151734278899714,0.14399186054584268,0.442523213068325,0.5518182599731671,"[1,1,1,1,1,1,0,0,1,0,1,0,0,1,0,1,0,0,1,0,1,0,1,1,0,0,1,1,1,1]"
57,0.42990015638372936,0.38115794995908714,0.48070035080816975,0.9688207525414902,0.6459502491045113,0.9944986586138348,0.6678934399390819,0.250146993533393,0.6974059542914215,0.3782877127543802,0.04587199593139757,0.7898849043318409,0.09726447366125979,0.7211741027440725,0.6502578405521188,0.5613349359658353,0.84801603465423,0.15928614466754443,0.9756073496157048,0.8686135127855231,"[1,1,0,0,1,1,0,0,1,0,0,0,1,0,1,1,1,1,1,1,1,0,1,1,1,0,1,0,0,1]"
58,0.8180669996927976,0.5244666900518092,0.30715749851857144,0.689940332468368,0.14736629101499188,0.8619183243372048,0.24942344792152782,0.4575692720209137,0.44090611274155067,0.8081104035457247,0.49388009678596145,0.7934755528424446,0.8324865387646064,0.6098788084253488,0.4208293884311455,0.06299909692958972,0.9091990230204555,0.43129740604108957,0.6717822354366872,0.3397373623895551,"[0,0,1,0,1,0,1,1,0,0,0,1,1,0,0,0,0,0,1,1,0,0,1,1,1,0,1,1,1,0]"
59,0.6722381412106044,0.555423400726666,0.6710383394358299,0.7966890132747296,0.6010752235524788,0.11290508899103047,0.8898532304289785,0.23959245525564088,0.4739007932694941,0.5187882875389087,0.4622234960328917,0.2171197497752657,0.21974459450957906,0.20217012577879012,0.4763819650004305,0.8549745572046665,0.46377849892313394,0.21956624103592826,0.9337992786357797,0.7869160779489299,"[1,1,1,0,0,0,0,1,1,0,1,1,0,0,0,1,0,1,1,1,0,1,0,0,0,0,1,0,1,0]"
60,0.9865731474385611,0.5768455162324816,0.309155015154828,0.3344954300032327,0.8972179596924982,0.8207899095827759,0.760373374590336,0.3852898077990846,0.7101090504609497,0.01768003838184995,0.6123517712448,0.11950621601628808,0.9402387847854258,0.2277831669548872,0.1261781342725824,0.3203111436226018,0.1620138312696795,0.6892617212653155,0.556335904611355,0.27717036979801224,"[0,0,0,0,0,0,0,0,0,1,0,1,0,0,0,0,0,0,1,1,0,0,1,1,1,1,0,1,1,1]"
61,0.030092803668902768,0.5017423533927104,0.6738621212295361,0.1718789404617337,0.03648508029779318,0.7057834392740161,0.4231302126858488,0.880193236126707,0.6610963253977762,0.8586322571665362,0.5097227388499643,0.6767618948034433,0.03968235596713465,0.6257460047191479,0.5028972792779094,0.3935915372238481,0.47491753229073563,0.7181435056031982,0.4076694648626351,0.5002911147742367,"[1,1,1,1,0,0,0,1,0,0,1,1,1,1,1,1,1,1,1,1,1,1,0,0,1,1,0,1,0,1]"
62,0.7026922705163855,0.10691004849875763,0.7042571016381514,0.15466733550055056,0.7785133443025414,0.8775764756822461,0.19486908644749534,0.8104380459106849,0.17410061958860357,0.2029518857337299,0.39893242325676337,0.439578891568281,0.29962205280861076,0.6980682678701196,0.7041602888398973,0.5257768778269187,0.9645689774688916,0.5699047975375128,0.7424566520469622,0.8602650626969336,"[1,1,0,0,0,0,1,1,0,1,0,1,1,0,1,0,1,0,0,0,1,1,1,1,1,0,0,1,1,1]"
63,0.9928211347589099,0.35730229512791256,0.5751292896425851,0.7820697456058653,0.3071177934825696,0.8058683968756113,0.9512340952870281,0.891331992792478,0.3022972459981764,0.3081705985933939,0.7530110095163713,0.40115840201406383,0.04798259528779136,0.614128023117264,0.7212749481508486,0.2129400984396841,0.21135598499030306,0.1431572606228223,0.8159923151788976,0.05834091538706887,"[1,0,0,1,0,1,1,1,1,0,1,0,1,1,1,1,1,0,0,0,0,0,1,1,1,1,1,1,0,0]"
64,0.797752399967501,0.5758373089049261,0.46140047849649457,0.89850234340984,0.44458079354538127,0.9682513594688006,0.783860535797236,0.7231885627019172,0.14173104681870097,0.16364725929446555,0.38813098713923233,0.7463117925082547,0.46210810737213437,0.43326611702369633,0.43143523010398166,0.9384656641324434,0.8901236083036805,0.8269283925666822,0.44384742765344076,0.03162546158785051,"[0,1,0,1,1,0,0,1,1,0,1,1,1,0,0,1,1,0,0,0,0,0,1,0,1,0,0,0,1,0]"
65,0.41154192630406417,0.015372854099199529,0.35349682850142994,0.7172682570424185,0.09592489602750776,0.39627997200955,0.870999075833526,0.3086695674009644,0.9352091070862022,0.005359626232832593,0.9466608073914806,0.662122451636551,0.09401673426875035,0.5181824901960668,0.9401459375297844,0.7784216992227622,0.5407434646664978,0.55081227042608,0.400944979865443,0.8191882230820465,"[0,0,1,1,0,0,1,0,0,1,0,1,1,0,0,0,0,0,0,1,1,1,1,0,1,0,0,0,0,1]"
66,0.66746620152522,0.17773591226115693,0.6098148826103619,0.20645191703451204,0.8121559094467903,0.48997982368872184,0.4803359236287983,0.6903237263614663,0.8401334595795389,0.5003835783071867,0.22388427314515902,0.9667955147323687,0.5882625522689537,0.518348443225436,0.9036273662994215,0.2532759586931874,0.6657225576583965,0.647415727564865,0.3186310976721587,0.22086240890851094,"[1,0,0,0,0,0,0,1,1,0,0,1,0,1,0,1,0,1,0,1,1,1,0,1,1,0,1,1,0,1]"
67,0.9842016855258093,0.7977857000846678,0.15703362242044938,0.9349544333021633,0.04811394516322032,0.08445164534353977,0.5740265126716474,0.04204428341428834,0.872577170530602,0.9505683222248987,0.1689499622187124,0.423475021529204,0.12260536409748857,0.2201318248381201,0.23965791379604784,0.39421847461486026,0.47651597828098013,0.7188538689569236,0.451480574197908,0.892785492392502,"[0,0,0,0,0,0,0,0,1,1,0,1,0,0,0,1,1,0,1,0,0,0,0,1,0,1,0,1,1,0]"
68,0.44753504220696094,0.2758259683297474,0.8677282254026466,0.18203275321399748,0.2626374950020278,0.4275186180694903,0.5918036547059974,0.3793748693127723,0.6365532023686306,0.5126499824909219,0.7237581339785301,0.21008802593971898,0.3067905974497427,0.11800032559188223,0.18761131019110633,0.4528547144331372,0.16136460237009786,0.81707828245402,0.08390016517597043,0.28954016176750585,"[1,1,1,1,1,1,1,0,1,0,1,1,1,0,0,0,0,0,0,1,1,1,1,0,1,0,0,1,0,0]"
69,0.23332951070396246,0.09328633315734436,0.33008499273799363,0.4760894044970816,0.6926544720304179,0.6307869361546184,0.6015866341442244,0.8261847278841068,0.5275626172609725,0.673626180964749,0.8131658564929692,0.842002160272424,0.956197502539636,0.0037392433002673142,0.6260353188263318,0.08167664363303817,0.9466039005140466,0.9001959786575519,0.5379078672594982,0.9738370968723259,"[1,0,0,1,0,0,0,1,0,0,0,1,0,1,0,1,1,1,0,1,1,1,1,0,1,0,1,1,1,0]"
70,0.4030826772631533,0.8263644426375665,0.3225122877628719,0.6915793758826239,0.28751475761237866,0.34910792369340826,0.2516228073765848,0.36657486126891337,0.2425974492164692,0.5317417042115706,0.17654560194800317,0.9397145945670581,0.8356029705716118,0.33941718922339226,0.6642911846206667,0.2596834997590284,0.9264004277200916,0.46805401834575056,0.9426398953114167,0.6498888596963104,"[0,1,0,1,0,0,1,0,1,0,1,1,1,0,0,0,0,0,0,0,1,1,1,1,1,0,0,1,1,1]"
71,0.354632845112575,0.02316072631235422,0.9401409616627346,0.18281323748071987,0.9160353985880233,0.9176498294166398,0.08220598846314087,0.11837812477646281,0.7622125816650395,0.10728009911632119,0.786795281441955,0.23083538164747974,0.6952388815015724,0.3089800193898221,0.9268124215932796,0.37749878968012696,0.12957785472779848,0.7845698543330029,0.49658708128783124,0.6587959630256006,"[0,1,1,0,0,0,1,1,0,0,1,1,0,0,1,1,1,0,0,0,1,0,0,0,0,1,1,0,1,0]"
72,0.6996816502229988,0.04871082583937736,0.5023848147421389,0.7876096567141277,0.45457061167480817,0.9189214513624322,0.921621028303289,0.8640504335048668,0.6618619821587829,0.6557691764218273,0.961681692365858,0.04639244676593113,0.19828633846135413,0.27712963610072694,0.17115737631107786,0.9223879410594037,0.4339426116450583,0.7837197760642859,0.6394331493781491,0.6136420579507296,"[1,0,1,0,1,0,1,0,0,0,0,0,0,0,0,1,0,0,1,1,0,1,0,1,1,1,1,0,0,0]"
73,0.16739257335847058,0.505468181161071,0.11408653368528776,0.6678282859277228,0.018541227312207642,0.12300646722566377,0.8024491468241484,0.5839208240860121,0.009019276014543998,0.4153747396924039,0.7729224222821632,0.4266580509984732,0.47542716713081834,0.46696654315401376,0.8072304430757887,0.02771236786214426,0.7929368849976568,0.5945157995213425,0.20899944012500205,0.863226673113288,"[0,0,0,1,1,0,0,1,1,0,0,1,0,1,1,0,0,1,0,1,0,0,1,1,1,0,1,1,1,0]"
74,0.8557085814576102,0.5452254060225729,0.9484916249318216,0.24951452324464118,0.6545990201764709,0.41118529839161944,0.9830693698758785,0.12321095731588905,0.2672538596076074,0.08083996228727641,0.09463982845447505,0.5094387591314075,0.06783228892721116,0.6290523203975318,0.028492921392376136,0.7588849528337586,0.48529973784130687,0.5123362177175551,0.690064465116295,0.20933048819838418,"[0,0,1,0,1,1,0,0,1,1,1,0,1,1,1,0,0,0,0,1,1,1,1,0,1,0,1,1,0,1]"
75,0.8002053003356514,0.9251587155919783,0.9372859102142203,0.4424094129492703,0.7336394721756476,0.9107119159651809,0.7932906914062166,0.7177116116053281,0.2923186264935853,0.7184367335326654,0.1513838925967772,0.008187373928979946,0.5785205184909284,0.2962271467962013,0.3864471163124886,0.9289625451263079,0.9932774760905393,0.13709084818633566,0.47859019298549954,0.6694996172167377,"[1,0,1,0,0,1,1,0,1,0,1,1,1,0,1,1,1,0,0,1,0,0,1,0,0,0,1,1,0,0]"
76,0.18695337652801514,0.5554976888974279,0.9620083969156181,0.6221748914827144,0.6889310245517977,0.08035080397894967,0.929421343627575,0.6798874217946013,0.10589230416358641,0.06869097761394449,0.7720347429931261,0.31028729434888147,0.7505246006856786,0.4136458196966859,0.7222148504044391,0.502379994224561,0.11888064415312272,0.3212510746549132,0.29580245832948227,0.6786896978250115,"[0,0,1,1,0,0,0,1,0,0,0,1,0,1,0,1,1,1,0,0,0,1,1,0,0,0,0,1,0,1]"
77,0.698956653588814,0.9539399292526788,0.3109077354618016,0.8450184951329586,0.2471483631242254,0.6610773117958184,0.19758969668917858,0.6860922357836333,0.24558710969295616,0.3219959891332037,0.7350201850732857,0.316835197230542,0.40420856447655407,0.6457773358874521,0.678467920794382,0.8892871357830467,0.4716013587836564,0.043071426763518494,0.46867013348916986,0.4490767493899156,"[0,0,1,0,0,0,0,0,1,1,1,1,0,0,0,0,0,1,0,0,1,0,1,1,1,1,0,0,1,1]"
78,0.8617594580979944,0.4859847863563078,0.6675378312549242,0.4076438866117016,0.0015113358006370037,0.13988230494023524,0.6085401060340718,0.08569603504037526,0.14709196876256903,0.6360602263708003,0.1525295506739125,0.9888642304028517,0.5287334755973822,0.9226796083258909,0.9471917709971873,0.1495561781246676,0.37356933005322035,0.6304209163185314,0.5629895944112296,0.5068084317541084,"[0,1,0,0,1,0,1,1,0,1,1,0,0,0,0,0,1,0,0,0,0,1,0,1,1,1,1,1,1,1]"
79,0.728199570041118,0.3456008164553762,0.881940741962328,0.04616150445533851,0.27653826725627173,0.498518416850225,0.13822752923228054,0.39499444623980307,0.32873951009760705,0.21761005923317067,0.20192808759611036,0.8395097687739217,0.10397521930539022,0.8079322923998363,0.7539439038113321,0.9880193813056004,0.3737246787989221,0.9849285390492902,0.7568980342798778,0.4005933419699581,"[1,1,1,1,1,0,0,1,0,1,0,0,1,0,0,0,0,1,0,1,0,1,0,0,0,1,0,1,1,0]"
80,0.8615890213725368,0.9548672871776174,0.01822435247044396,0.5345420036753562,0.45066166068385927,0.05121403369351352,0.34528640007229916,0.3662964480391989,0.5102025920008977,0.8837448773346378,0.5559216636195712,0.14688094557095122,0.2208556750043158,0.8725292469680707,0.36312487772591284,0.4397818964026342,0.4715915465317999,0.671757283832331,0.6618787187371219,0.33119969560832396,"[0,0,1,1,1,0,0,1,1,0,0,1,1,1,1,1,1,0,1,1,1,0,0,1,1,0,1,1,1,0]"
81,0.18636710128258394,0.0775157080129808,0.041828627926009276,0.7869761375200356,0.09676985890396972,0.5091377193320847,0.16630691003304188,0.18422593640051643,0.17915547644261465,0.8067115695613347,0.06705112857788575,0.34843845247604244,0.7150013191938659,0.05924956429019246,0.19899926083649055,0.668038676022503,0.6608996978651912,0.9829924658595514,0.01795173023262231,0.1265209560304189,"[1,1,0,1,1,1,0,1,1,1,1,1,0,1,0,1,1,0,1,0,1,0,1,0,1,0,0,1,0,1]"
82,0.9979825822822307,0.4957734670482282,0.3440380595755268,0.11430448398969162,0.7693115846956262,0.7374387521807312,0.3526619692770988,0.14152974704679155,0.6598228123736338,0.7231249845035806,0.033946410686733985,0.8599528374777589,0.2571604702998638,0.2090893189418953,0.4591649090333997,0.6816580367647526,0.8285131578711151,0.012763310077453904,0.0067867100407345005,0.06526531294281912,"[1,1,0,1,0,0,0,1,0,1,0,0,1,0,0,1,1,1,0,1,1,0,0,1,0,1,0,1,0,1]"
83,0.12983184453314167,0.6550204365213481,0.18605645543348137,0.11116755032794234,0.6904388273106924,0.23544632759623307,0.21366634284787667,0.06736697795544655,0.4306197628678914,0.42447916269421804,0.5883216972207019,0.7262905097652556,0.24230038855138603,0.13725271947019757,0.2266010397526217,0.6138766808572523,0.13582018978334498,0.5075665847964518,0.9485690673380084,0.5806265799243365,"[1,0,0,0,0,0,0,0,1,0,1,1,1,0,0,0,1,0,0,1,0,1,0,0,1,0,0,1,0,0]"
84,0.6126785663963091,0.7992625867025102,0.17374646608007904,0.8875635091205413,0.384419003120688,0.00647981538386877,0.810595488980655,0.6437625487009938,0.7483847463423046,0.6313569421337333,0.8883673977231249,0.03518477635736805,0.6549704131220293,0.3572073153176545,0.44395645692568786,0.9730518698531315,0.7164529920217578,0.10242267351529244,0.5547091076129147,0.5557443256982376,"[1,0,0,0,0,1,0,0,0,0,1,0,1,0,0,1,1,0,0,0,0,1,0,1,1,0,1,0,0,0]"
85,0.5545304614043981,0.3229714901777877,0.2668405550880699,0.022027293929538505,0.5914775579314445,0.5541127269667002,0.8642568809411462,0.8233675213321006,0.45324821670201687,0.7663695625644412,0.061466246133667246,0.2757190723829266,0.9988863732488752,0.6634223397975373,0.22757426218761756,0.5192198769369392,0.3229946331603355,0.5671793544516625,0.5663523247903056,0.29972638298467424,"[1,0,0,1,0,0,1,0,0,1,1,1,1,1,0,1,1,0,1,0,0,1,0,1,0,1,1,1,1,1]"
86,0.4646176898025731,0.590040780174317,0.09488314737989079,0.02379220444291008,0.5397604743135174,0.43786429636354396,0.06944151402210275,0.45136571636490086,0.35215054758751996,0.024345927995356287,0.23480074729150735,0.07552493968386231,0.9826423029206555,0.027962553507244525,0.9922417974576675,0.19346920231845943,0.18683015480750864,0.45616157671596125,0.15440008958855866,0.5004561791397174,"[1,1,1,0,1,0,1,0,0,0,1,1,0,1,1,0,1,1,1,0,1,1,0,0,0,0,1,0,1,1]"
87,0.5646850910999998,0.5349212675425242,0.8299093401574373,0.5795707054838838,0.7733945863269986,0.44927490548548277,0.7824959532721056,0.9917331363933493,0.17867122911286515,0.8754203686157711,0.5206004366270776,0.63253405765789,0.7651155685630299,0.710756852848117,0.5843701075087918,0.9941465634413341,0.45036551116966694,0.6026137340561035,0.9446268561863127,0.949435039491587,"[0,0,0,1,1,1,0,1,1,1,1,1,1,1,0,1,1,0,1,0,0,1,1,1,0,1,0,0,0,0]"
88,0.782103042573373,0.31992918390309233,0.9181837556913356,0.9381739169306118,0.48710940388812396,0.3585120417042008,0.5732255474611144,0.48438403045964407,0.05315042913131318,0.14745323204302407,0.3480791352605397,0.6673010386782906,0.7606066852885061,0.06822122333229408,0.7688577322867953,0.28992934314412055,0.7394388238882043,0.11650400710736597,0.9721688410481978,0.7797312625597999,"[0,1,0,0,0,0,1,1,0,0,0,1,0,1,0,1,1,1,1,1,0,1,1,0,1,1,0,1,0,1]"
89,0.23911903086223152,0.6178714429209595,0.4305935960493821,0.970044943174377,0.19616275148031503,0.626401603970997,0.8729879864428709,0.4055825945008379,0.6148364996496033,0.5742264991009879,0.593742195407725,0.28727724379802566,0.11461295981214326,0.6698756113608506,0.886998196528989,0.16288734617110068,0.13654235197882592,0.3708253816598863,0.36589672995970257,0.0011320066100354298,"[0,0,1,0,0,1,0,1,0,1,0,1,0,0,0,0,1,1,1,1,0,1,1,0,0,1,0,0,1,0]"
90,0.5410999142059837,0.22603584467263949,0.8794401851926195,0.5530700445270188,0.4034673791921869,0.7429164137820051,0.5936663651602767,0.28864496562029485,0.7642972458549508,0.6797079317263475,0.5396307334153219,0.11925150914288551,0.15239963473161144,0.13502469290053032,0.8131739140806834,0.5189082962100399,0.4281054026229997,0.7205729443918665,0.0826158826352067,0.7001029386764932,"[0,1,0,0,1,0,0,1,1,1,0,0,1,0,0,0,0,0,0,1,0,0,1,0,0,0,0,0,0,1]"
91,0.7601223141058657,0.0292365684391368,0.07861218410036863,0.8070694486796497,0.49077826211199505,0.14275854396712084,0.9232787966894626,0.8787009089185517,0.21317438074512096,0.8661244920623614,0.6777685705992296,0.42120997253895576,0.4798187453267221,0.8347441013701741,0.27875082937280915,0.38679538389650314,0.5777309491051836,0.6637140482210458,0.4539910041912758,0.11651384776153251,"[0,0,0,0,0,1,0,0,0,0,1,0,0,1,0,1,1,0,1,0,1,1,0,0,0,1,1,1,1,0]"
92,0.7921227427568942,0.6796741901525019,0.23742264161394122,0.8459937730241797,0.6161173926521577,0.13410743566399208,0.667098456118089,0.5284413717738192,0.794836162471346,0.025322453443166304,0.8930030722278033,0.4734462631396835,0.42455495734908055,0.5540143160189541,0.22061786274211093,0.7589782162371335,0.6776742522559162,0.19727143535602332,0.42195197062945666,0.37881053149215593,"[0,0,0,0,0,0,1,1,0,1,0,0,0,0,0,1,0,1,1,1,1,0,0,1,0,1,0,1,0,1]"
93,0.16246721311460044,0.7894004398391565,0.9519860359996198,0.39296259431515634,0.21474123333110628,0.9140258779649397,0.08729840962824698,0.09468233395040271,0.02654099671631749,0.19185056494930153,0.9137084140988037,0.24259368185125862,0.3123325040532493,0.4582451007396612,0.6633436599197458,0.39790461036220903,0.3972963656521872,0.34674629027079484,0.20247609715762738,0.5532206280888832,"[1,0,1,1,1,0,1,0,0,1,1,0,0,0,0,0,0,0,1,0,1,1,0,0,0,0,0,1,1,0]"
94,0.6833959112429453,0.8211103886783916,0.25812322899923446,0.6708121564423819,0.9538088768356089,0.5170757222544697,0.14579099619458358,0.7723049078548628,0.744990211852606,0.08938813190250305,0.7548192982409545,0.14619272249524318,0.1498778804843306,0.4800622647657461,0.07041393101882998,0.5039218916480834,0.7227640916345018,0.6853073159467578,0.4899908859158757,0.25985606016500384,"[1,1,0,0,0,0,1,0,0,1,1,1,0,0,0,1,0,0,0,1,1,0,1,0,1,1,1,1,0,1]"
95,0.13028855598002342,0.7994888648463148,0.6221750621037817,0.5728688084019201,0.1566103800173375,0.3809906994618182,0.7872619354269568,0.27046809978563857,0.7998607322450308,0.21546084686643574,0.7058101544120329,0.3417816961507373,0.7878417939008867,0.2095025407396338,0.1782713553400712,0.10322563228767812,0.979677860863454,0.5067477766832396,0.5960569903624614,0.44866328032985325,"[0,1,1,0,1,1,0,0,1,0,1,0,1,0,1,0,1,0,1,1,0,1,1,0,1,1,0,1,1,0]"
96,0.49405707832886425,0.9539365398787363,0.02414146704521536,0.1952885863313839,0.9138328071186812,0.9045452082192529,0.36570764047982174,0.884846635329755,0.4239911445999628,0.34462425070149216,0.3523464482496099,0.8987561467210464,0.35535747769753057,0.4413731916749385,0.4530399623658453,0.023144418021385893,0.5759680585879352,0.16088602769604543,0.24658569207977576,0.004016463062174402,"[0,0,1,1,1,1,0,0,1,1,1,0,0,0,0,1,0,1,1,0,0,1,0,0,0,0,0,1,0,0]"
97,0.4939111435726823,0.8854818416030233,0.10734782768801043,0.15613308085460398,0.8630591621224835,0.2895576781110111,0.5407017206067338,0.3071388097090004,0.4771817329052028,0.6591144993194051,0.6161543284362858,0.974144484222839,0.6508013936377166,0.38818356854096714,0.7387915010787887,0.7837166844459379,0.5277163011288203,0.3121172342863484,0.5292107322628178,0.6900689329296019,"[0,0,1,0,0,0,0,0,1,1,1,1,1,0,0,0,1,0,1,1,0,1,1,0,0,1,0,1,0,0]"
98,0.9569239759551205,0.35663266698361606,0.9213998130546708,0.6730356321454032,0.43533264271356154,0.6045262015077041,0.9255619279409601,0.6633559213856134,0.41885180551305123,0.6921948730544417,0.11587196793097565,0.27273985481160445,0.17635267937557864,0.7812375207407817,0.7860576690931069,0.09251294933852161,0.5172609070459661,0.13797724442455128,0.11972835853023789,0.09511612518009493,"[0,1,1,0,0,1,0,1,0,1,1,1,0,1,0,0,1,1,1,0,0,0,1,0,0,0,0,1,1,1]"
99,0.4892038324945551,0.010279730849092061,0.5299081574000886,0.7472636819274706,0.40822065629482274,0.40617563622827746,0.5450291156297207,0.29522777296169345,0.7708043461399463,0.016405859618359053,0.12181043929777846,0.5621767030585786,0.3730724136357647,0.7420944590275614,0.3903509809952169,0.4919814259085066,0.6917429325495142,0.9986459117266442,0.5869025086369394,0.8409806521596082,"[1,0,0,0,1,0,1,1,1,1,1,0,0,1,0,0,1,1,1,1,1,0,1,1,0,0,0,1,1,1]"
